<?xml version="1.0" encoding="UTF-8" ?>
<!DOCTYPE mapper PUBLIC "-//mybatis.org//DTD Mapper 3.0//EN"
"http://mybatis.org/dtd/mybatis-3-mapper.dtd">
<mapper namespace="com.project.unicon.mappers.Review_Mapper">
	<resultMap id="review" type="review_VO">
		<result property="review_code" column="review_code" />
		<result property="game_code" column="game_code" />
		<result property="id" column="id" />
		<result property="content" column="content" />
		<result property="writedate" column="writedate" />
		<result property="score" column="score" />
		<result property="goods_count" column="goods_count" />
	</resultMap>

	<select id="reviewlist" resultMap="review">
		<![CDATA[
			SELECT *
			FROM gmunicon.review
			WHERE game_code = #{game_code}
			ORDER BY writedate DESC
		]]>
	</select>

	<insert id="insertReview" parameterType="review_VO">
		<![CDATA[
			INSERT INTO gmunicon.review(review_code, game_code, id, content, score)
			VALUES(REVIEW_SEQ.NEXTVAL ,#{game_code}, #{id}, #{content}, #{score})
		]]>
	</insert>

	<update id="goodsUpCount" parameterType="review_VO">
		<![CDATA[
			UPDATE gmunicon.review 
			SET goods_count = goods_count +1
			WHERE review_code = #{review_code}
		]]>
	</update>

	<insert id="insertReviewDetail" parameterType="review_VO">
		<![CDATA[
			INSERT INTO gmunicon.goods_detail
			VALUES (#{review_code}, #{id})
		]]>

	</insert>

	<select id="goodsIdCheck" parameterType="map" resultType="Integer">
		<![CDATA[
			SELECT COUNT(*)
			FROM gmunicon.goods_detail
			WHERE id = #{id} AND review_code = #{review_code}
		]]>
	</select>

	<delete id="reviewDelete" parameterType="review_VO">
		DELETE FROM gmunicon.review
		WHERE review_code = #{review_code} AND id = #{id}
	</delete>

</mapper>